{"branches": 89.7590361445783, "coverage": 93.49520383693046}