{"branches": 85.3211009174312, "coverage": 79.51710261569417}