{"branches": 97.61904761904762, "coverage": 97.7992485238862}