{"branches": 92.63157894736842, "coverage": 95.35885167464114}