{"branches": 95.45454545454545, "coverage": 95.72301425661914}