{"branches": 99.0909090909091, "coverage": 95.79545454545455}