{"branches": 96.34146341463415, "coverage": 94.38775510204081}