{"branches": 98.01980198019803, "coverage": 99.00442477876106}