{"branches": 96.5909090909091, "coverage": 94.56936784047518}