{"branches": 89.56043956043956, "coverage": 93.4906196702672}