{"branches": 98.48484848484848, "coverage": 99.46018893387314}