{"branches": 92.07920792079209, "coverage": 92.55550718328254}