{"branches": 89.44444444444444, "coverage": 93.69472182596292}