{"branches": 89.44444444444444, "coverage": 93.45340194396799}