{"branches": 98.27586206896551, "coverage": 95.5264969029594}