{"branches": 83.83838383838383, "coverage": 78.64406779661017}