{"branches": 97.0873786407767, "coverage": 98.47217169879956}