{"branches": 85.04672897196261, "coverage": 79.29089443996776}