{"branches": 93.18181818181817, "coverage": 92.60204081632652}