{"branches": 99.08256880733946, "coverage": 99.92458521870287}