{"branches": 95.23809523809523, "coverage": 94.44141689373296}