{"branches": 95.14563106796116, "coverage": 94.19331128261669}