{"branches": 89.67391304347827, "coverage": 93.56560831694296}