{"branches": 96.5909090909091, "coverage": 93.1064958020327}