{"branches": 99.0909090909091, "coverage": 95.68424935448175}