{"branches": 99.06542056074767, "coverage": 95.65560821484992}