{"branches": 92.07920792079209, "coverage": 92.20722681758816}