{"branches": 97.22222222222221, "coverage": 98.28699803426004}