{"branches": 90.22988505747126, "coverage": 93.1744630773757}