{"branches": 97.22222222222221, "coverage": 98.47972972972973}