{"branches": 98.82352941176471, "coverage": 99.9176276771005}