{"branches": 81.1881188118812, "coverage": 76.34730538922156}