{"branches": 81.1881188118812, "coverage": 77.22729248152977}