{"branches": 99.06542056074767, "coverage": 99.92363497518136}