{"branches": 98.01980198019803, "coverage": 99.01243599122165}