{"branches": 99.04761904761905, "coverage": 95.61957379636937}