{"branches": 93.06930693069307, "coverage": 93.3826730518067}