{"branches": 92.96875, "coverage": 92.1713917525773}