{"branches": 96.05263157894737, "coverage": 98.86578449905483}